match,bowlingTeam,bowlerName,O,M,R,W,ECON,0s,4s,6s,WD,NB,match_id
India vs South Africa,South Africa,Marco Jansen,4.0,0,49,1.0,12.25,4,5,2,1,1,T20I # 2729
India vs South Africa,South Africa,Keshav Maharaj,3.0,0,23,2.0,7.66,10,3,1,0,0,T20I # 2729
India vs South Africa,South Africa,Kagiso Rabada,4.0,0,36,1.0,9.0,8,2,2,2,0,T20I # 2729
India vs South Africa,South Africa,Aiden Markram,2.0,0,16,,8.0,1,0,1,0,0,T20I # 2729
India vs South Africa,South Africa,Anrich Nortje,4.0,0,26,2.0,6.5,7,2,0,2,0,T20I # 2729
India vs South Africa,South Africa,Tabraiz Shamsi,3.0,0,26,,8.66,4,1,1,1,0,T20I # 2729
India vs South Africa,India,Arshdeep Singh,4.0,0,20,2.0,5.0,12,2,0,0,0,T20I # 2729
India vs South Africa,India,Jasprit Bumrah,4.0,0,18,2.0,4.5,14,2,0,0,0,T20I # 2729
India vs South Africa,India,Axar Patel,4.0,0,49,1.0,12.25,8,5,3,2,0,T20I # 2729
India vs South Africa,India,Kuldeep Yadav,4.0,0,45,,11.25,6,3,3,0,0,T20I # 2729
India vs South Africa,India,Hardik Pandya,3.0,0,20,3.0,6.66,9,1,1,1,1,T20I # 2729
India vs South Africa,India,Ravindra Jadeja,1.0,0,12,,12.0,0,0,1,0,0,T20I # 2729
Afghanistan vs South Africa,South Africa,Marco Jansen,3.0,0,16,3.0,5.33,13,2,0,4,0,T20I # 2723
Afghanistan vs South Africa,South Africa,Keshav Maharaj,1.0,0,6,,6.0,3,1,0,0,0,T20I # 2723
Afghanistan vs South Africa,South Africa,Kagiso Rabada,3.0,1,14,2.0,4.66,13,3,0,0,0,T20I # 2723
Afghanistan vs South Africa,South Africa,Anrich Nortje,3.0,0,7,2.0,2.33,14,0,0,1,0,T20I # 2723
Afghanistan vs South Africa,South Africa,Tabraiz Shamsi,1.5,0,6,3.0,3.27,9,1,0,1,0,T20I # 2723
Afghanistan vs South Africa,Afghanistan,Naveen-ul-Haq,3.0,0,15,,5.0,12,2,0,1,0,T20I # 2723
Afghanistan vs South Africa,Afghanistan,Fazalhaq Farooqi,2.0,0,11,1.0,5.5,9,2,0,1,0,T20I # 2723
Afghanistan vs South Africa,Afghanistan,Rashid Khan,1.0,0,8,,8.0,2,1,0,0,0,T20I # 2723
Afghanistan vs South Africa,Afghanistan,Azmatullah Omarzai,1.5,0,18,,9.81,6,2,1,0,1,T20I # 2723
Afghanistan vs South Africa,Afghanistan,Gulbadin Naib,1.0,0,8,,8.0,2,1,0,0,0,T20I # 2723
Afghanistan vs Bangladesh,Bangladesh,Tanzim Hasan Sakib,4.0,0,36,,9.0,9,1,2,1,0,T20I # 2722
Afghanistan vs Bangladesh,Bangladesh,Taskin Ahmed,4.0,1,12,1.0,3.0,19,0,1,0,0,T20I # 2722
Afghanistan vs Bangladesh,Bangladesh,Shakib Al Hasan,4.0,0,19,,4.75,11,0,1,0,0,T20I # 2722
Afghanistan vs Bangladesh,Bangladesh,Mustafizur Rahman,4.0,0,17,1.0,4.25,14,2,0,0,0,T20I # 2722
Afghanistan vs Bangladesh,Bangladesh,Rishad Hossain,4.0,0,26,3.0,6.5,13,3,0,1,0,T20I # 2722
Afghanistan vs Bangladesh,Afghanistan,Naveen-ul-Haq,3.5,0,26,4.0,6.78,12,3,1,0,0,T20I # 2722
Afghanistan vs Bangladesh,Afghanistan,Fazalhaq Farooqi,2.0,0,15,1.0,7.5,3,1,0,2,0,T20I # 2722
Afghanistan vs Bangladesh,Afghanistan,Mohammad Nabi,2.0,0,15,,7.5,5,2,0,0,0,T20I # 2722
Afghanistan vs Bangladesh,Afghanistan,Rashid Khan,4.0,0,23,4.0,5.75,9,2,0,1,0,T20I # 2722
Afghanistan vs Bangladesh,Afghanistan,Noor Ahmad,4.0,0,13,,3.25,18,2,0,0,0,T20I # 2722
Afghanistan vs Bangladesh,Afghanistan,Gulbadin Naib,2.0,0,5,1.0,2.5,7,0,0,0,0,T20I # 2722
India vs Bangladesh,Bangladesh,Mahedi Hasan,4.0,0,28,,7.0,9,2,1,0,0,T20I # 2716
India vs Bangladesh,Bangladesh,Shakib Al Hasan,3.0,0,37,1.0,12.33,5,2,3,1,0,T20I # 2716
India vs Bangladesh,Bangladesh,Tanzim Hasan Sakib,4.0,0,32,2.0,8.0,11,1,3,1,0,T20I # 2716
India vs Bangladesh,Bangladesh,Mustafizur Rahman,4.0,0,48,,12.0,6,5,2,1,1,T20I # 2716
India vs Bangladesh,Bangladesh,Rishad Hossain,3.0,0,43,2.0,14.33,4,2,4,2,0,T20I # 2716
India vs Bangladesh,Bangladesh,Mahmudullah,2.0,0,8,,4.0,5,0,0,1,0,T20I # 2716
India vs Bangladesh,India,Arshdeep Singh,4.0,0,30,2.0,7.5,12,4,1,1,0,T20I # 2716
India vs Bangladesh,India,Jasprit Bumrah,4.0,0,13,2.0,3.25,15,1,0,0,0,T20I # 2716
India vs Bangladesh,India,Axar Patel,2.0,0,26,,13.0,2,2,2,0,0,T20I # 2716
India vs Bangladesh,India,Hardik Pandya,3.0,0,32,1.0,10.66,6,1,3,2,0,T20I # 2716
India vs Bangladesh,India,Ravindra Jadeja,3.0,0,24,,8.0,5,2,1,0,0,T20I # 2716
India vs Bangladesh,India,Kuldeep Yadav,4.0,0,19,3.0,4.75,11,0,1,0,0,T20I # 2716
India vs Australia,Australia,Mitchell Starc,4.0,0,45,2.0,11.25,12,4,4,1,0,T20I # 2721
India vs Australia,Australia,Josh Hazlewood,4.0,0,14,1.0,3.5,13,1,0,0,0,T20I # 2721
India vs Australia,Australia,Pat Cummins,4.0,0,48,,12.0,5,4,3,0,0,T20I # 2721
India vs Australia,Australia,Adam Zampa,4.0,0,41,,10.25,2,1,3,0,0,T20I # 2721
India vs Australia,Australia,Marcus Stoinis,4.0,0,56,2.0,14.0,6,4,5,1,0,T20I # 2721
India vs Australia,India,Arshdeep Singh,4.0,0,37,3.0,9.25,12,4,2,2,0,T20I # 2721
India vs Australia,India,Jasprit Bumrah,4.0,0,29,1.0,7.25,11,3,1,0,0,T20I # 2721
India vs Australia,India,Axar Patel,3.0,0,21,1.0,7.0,9,2,1,0,0,T20I # 2721
India vs Australia,India,Hardik Pandya,4.0,0,47,,11.75,8,4,3,1,0,T20I # 2721
India vs Australia,India,Kuldeep Yadav,4.0,0,24,2.0,6.0,9,1,1,0,0,T20I # 2721
India vs Australia,India,Ravindra Jadeja,1.0,0,17,,17.0,0,2,1,0,0,T20I # 2721
U.S.A. vs England,England,Reece Topley,3.0,0,29,1.0,9.66,8,2,2,0,0,T20I # 2719
U.S.A. vs England,England,Jofra Archer,3.0,0,16,,5.33,12,1,1,0,0,T20I # 2719
U.S.A. vs England,England,Sam Curran,2.0,0,23,2.0,11.5,4,3,1,0,0,T20I # 2719
U.S.A. vs England,England,Adil Rashid,4.0,0,13,2.0,3.25,13,0,0,1,0,T20I # 2719
U.S.A. vs England,England,Liam Livingstone,4.0,0,24,1.0,6.0,10,1,1,0,0,T20I # 2719
U.S.A. vs England,England,Chris Jordan,2.5,0,10,4.0,3.52,8,0,0,0,0,T20I # 2719
U.S.A. vs England,United States of America,Saurabh Netravalkar,2.0,0,21,,10.5,5,1,2,0,0,T20I # 2719
U.S.A. vs England,United States of America,Harmeet Singh,2.0,0,36,,18.0,3,0,5,2,0,T20I # 2719
U.S.A. vs England,United States of America,Nosthush Kenjige,2.0,0,19,,9.5,3,3,0,0,0,T20I # 2719
U.S.A. vs England,United States of America,Ali Khan,2.0,0,26,,13.0,2,2,0,2,0,T20I # 2719
U.S.A. vs England,United States of America,Shadley van Schalkwyk,1.4,0,15,,9.0,2,2,0,0,1,T20I # 2719
Afghanistan vs Australia,Australia,Ashton Agar,4.0,1,17,,4.25,15,1,0,0,0,T20I # 2717
Afghanistan vs Australia,Australia,Josh Hazlewood,4.0,0,39,,9.75,10,4,2,1,0,T20I # 2717
Afghanistan vs Australia,Australia,Pat Cummins,4.0,0,28,3.0,7.0,13,3,1,1,0,T20I # 2717
Afghanistan vs Australia,Australia,Adam Zampa,4.0,0,28,2.0,7.0,9,2,1,1,0,T20I # 2717
Afghanistan vs Australia,Australia,Glenn Maxwell,2.0,0,12,,6.0,5,1,0,1,0,T20I # 2717
Afghanistan vs Australia,Australia,Marcus Stoinis,2.0,0,19,1.0,9.5,4,1,1,0,0,T20I # 2717
Afghanistan vs Australia,Afghanistan,Naveen-ul-Haq,4.0,0,20,3.0,5.0,12,2,0,0,0,T20I # 2717
Afghanistan vs Australia,Afghanistan,Fazalhaq Farooqi,3.0,0,21,,7.0,8,2,0,0,1,T20I # 2717
Afghanistan vs Australia,Afghanistan,Azmatullah Omarzai,1.2,0,10,1.0,7.5,5,2,0,0,0,T20I # 2717
Afghanistan vs Australia,Afghanistan,Mohammad Nabi,1.0,0,1,1.0,1.0,5,0,0,0,0,T20I # 2717
Afghanistan vs Australia,Afghanistan,Nangeyalia Kharote,1.0,0,13,,13.0,1,1,1,0,0,T20I # 2717
Afghanistan vs Australia,Afghanistan,Rashid Khan,4.0,0,23,1.0,5.75,11,1,1,2,0,T20I # 2717
Afghanistan vs Australia,Afghanistan,Noor Ahmad,1.0,0,11,,11.0,3,1,0,1,0,T20I # 2717
Afghanistan vs Australia,Afghanistan,Gulbadin Naib,4.0,0,20,4.0,5.0,13,1,1,0,0,T20I # 2717
India vs England,England,Reece Topley,3.0,0,25,1.0,8.33,8,3,1,0,0,T20I # 2724
India vs England,England,Jofra Archer,4.0,0,33,1.0,8.25,7,4,0,0,0,T20I # 2724
India vs England,England,Sam Curran,2.0,0,25,1.0,12.5,3,2,2,0,0,T20I # 2724
India vs England,England,Adil Rashid,4.0,0,25,1.0,6.25,9,3,0,0,0,T20I # 2724
India vs England,England,Chris Jordan,3.0,0,37,3.0,12.33,4,0,4,0,0,T20I # 2724
India vs England,England,Liam Livingstone,4.0,0,24,,6.0,9,1,1,1,0,T20I # 2724
India vs England,India,Arshdeep Singh,2.0,0,17,,8.5,5,3,0,0,0,T20I # 2724
India vs England,India,Jasprit Bumrah,2.4,0,12,2.0,4.5,8,1,0,0,0,T20I # 2724
India vs England,India,Axar Patel,4.0,0,23,3.0,5.75,10,0,1,0,0,T20I # 2724
India vs England,India,Kuldeep Yadav,4.0,0,19,3.0,4.75,12,2,0,0,0,T20I # 2724
India vs England,India,Ravindra Jadeja,3.0,0,16,,5.33,6,1,0,0,0,T20I # 2724
India vs England,India,Hardik Pandya,1.0,0,14,,14.0,1,1,1,0,0,T20I # 2724
West Indies vs South Africa,South Africa,Marco Jansen,2.0,0,17,1.0,8.5,6,2,0,4,0,T20I # 2720
West Indies vs South Africa,South Africa,Aiden Markram,4.0,0,28,1.0,7.0,11,1,2,2,0,T20I # 2720
West Indies vs South Africa,South Africa,Keshav Maharaj,4.0,0,24,1.0,6.0,10,1,1,0,0,T20I # 2720
West Indies vs South Africa,South Africa,Anrich Nortje,4.0,0,26,,6.5,13,1,2,2,0,T20I # 2720
West Indies vs South Africa,South Africa,Tabraiz Shamsi,4.0,0,27,3.0,6.75,11,3,1,0,0,T20I # 2720
West Indies vs South Africa,South Africa,Kagiso Rabada,2.0,0,11,1.0,5.5,7,0,1,0,0,T20I # 2720
West Indies vs South Africa,West Indies,Akeal Hosein,3.0,0,31,,10.33,6,6,0,0,0,T20I # 2720
West Indies vs South Africa,West Indies,Andre Russell,4.0,0,19,2.0,4.75,13,2,0,1,0,T20I # 2720
West Indies vs South Africa,West Indies,Alzarri Joseph,4.0,0,25,2.0,6.25,9,1,0,1,0,T20I # 2720
West Indies vs South Africa,West Indies,Gudakesh Motie,1.0,0,20,,20.0,0,3,1,0,0,T20I # 2720
West Indies vs South Africa,West Indies,Obed McCoy,1.1,0,15,,12.85,3,1,1,3,0,T20I # 2720
West Indies vs South Africa,West Indies,Roston Chase,3.0,0,12,3.0,4.0,10,1,0,0,0,T20I # 2720
India vs Afghanistan,Afghanistan,Fazalhaq Farooqi,4.0,0,33,3.0,8.25,12,4,1,2,0,T20I # 2710
India vs Afghanistan,Afghanistan,Mohammad Nabi,3.0,0,24,,8.0,7,3,0,0,0,T20I # 2710
India vs Afghanistan,Afghanistan,Naveen-ul-Haq,4.0,0,40,1.0,10.0,9,3,2,3,0,T20I # 2710
India vs Afghanistan,Afghanistan,Rashid Khan,4.0,0,26,3.0,6.5,13,3,1,0,0,T20I # 2710
India vs Afghanistan,Afghanistan,Noor Ahmad,3.0,0,30,,10.0,4,1,2,1,0,T20I # 2710
India vs Afghanistan,Afghanistan,Azmatullah Omarzai,2.0,0,23,,11.5,3,2,1,1,0,T20I # 2710
India vs Afghanistan,India,Arshdeep Singh,4.0,0,36,3.0,9.0,12,3,2,5,0,T20I # 2710
India vs Afghanistan,India,Jasprit Bumrah,4.0,1,7,3.0,1.75,20,1,0,0,0,T20I # 2710
India vs Afghanistan,India,Axar Patel,3.0,1,15,1.0,5.0,11,0,1,0,0,T20I # 2710
India vs Afghanistan,India,Hardik Pandya,2.0,0,13,,6.5,8,1,1,1,0,T20I # 2710
India vs Afghanistan,India,Kuldeep Yadav,4.0,0,32,2.0,8.0,11,2,2,1,1,T20I # 2710
India vs Afghanistan,India,Ravindra Jadeja,3.0,0,20,1.0,6.66,4,0,1,0,0,T20I # 2710
Bangladesh vs Australia,Australia,Mitchell Starc,4.0,0,21,1.0,5.25,15,3,0,2,0,T20I # 2711
Bangladesh vs Australia,Australia,Josh Hazlewood,4.0,1,25,,6.25,12,1,1,1,0,T20I # 2711
Bangladesh vs Australia,Australia,Pat Cummins,4.0,0,29,3.0,7.25,8,1,0,3,0,T20I # 2711
Bangladesh vs Australia,Australia,Adam Zampa,4.0,0,24,2.0,6.0,10,3,0,0,0,T20I # 2711
Bangladesh vs Australia,Australia,Marcus Stoinis,2.0,0,24,1.0,12.0,3,1,2,1,0,T20I # 2711
Bangladesh vs Australia,Australia,Glenn Maxwell,2.0,0,14,1.0,7.0,3,1,0,0,0,T20I # 2711
Bangladesh vs Australia,Bangladesh,Mahedi Hasan,4.0,0,22,,5.5,15,1,2,0,0,T20I # 2711
Bangladesh vs Australia,Bangladesh,Tanzim Hasan Sakib,1.0,0,9,,9.0,2,1,0,0,0,T20I # 2711
Bangladesh vs Australia,Bangladesh,Taskin Ahmed,1.2,0,22,,16.5,2,2,2,0,0,T20I # 2711
Bangladesh vs Australia,Bangladesh,Mustafizur Rahman,2.0,0,23,,11.5,3,3,1,0,0,T20I # 2711
Bangladesh vs Australia,Bangladesh,Rishad Hossain,3.0,0,23,2.0,7.66,7,2,1,0,0,T20I # 2711
West Indies vs U.S.A.,West Indies,Akeal Hosein,3.0,0,13,,4.33,8,1,0,0,0,T20I # 2713
West Indies vs U.S.A.,West Indies,Andre Russell,3.5,0,31,3.0,8.08,13,3,1,3,0,T20I # 2713
West Indies vs U.S.A.,West Indies,Obed McCoy,2.0,0,20,,10.0,4,3,0,1,0,T20I # 2713
West Indies vs U.S.A.,West Indies,Alzarri Joseph,4.0,0,31,2.0,7.75,9,1,2,1,1,T20I # 2713
West Indies vs U.S.A.,West Indies,Gudakesh Motie,3.0,0,14,1.0,4.66,9,1,0,0,0,T20I # 2713
West Indies vs U.S.A.,West Indies,Roston Chase,4.0,0,19,3.0,4.75,9,1,0,1,0,T20I # 2713
West Indies vs U.S.A.,United States of America,Saurabh Netravalkar,2.5,0,31,,10.94,7,2,3,0,0,T20I # 2713
West Indies vs U.S.A.,United States of America,Nosthush Kenjige,1.0,0,11,,11.0,1,0,1,0,0,T20I # 2713
West Indies vs U.S.A.,United States of America,Ali Khan,2.0,0,18,,9.0,5,1,1,2,0,T20I # 2713
West Indies vs U.S.A.,United States of America,Harmeet Singh,2.0,0,18,1.0,9.0,4,1,1,0,0,T20I # 2713
West Indies vs U.S.A.,United States of America,Shadley van Schalkwyk,2.0,0,29,,14.5,3,3,2,1,0,T20I # 2713
West Indies vs U.S.A.,United States of America,Milind Kumar,1.0,0,22,,22.0,1,0,3,1,0,T20I # 2713
South Africa vs U.S.A.,United States of America,Saurabh Netravalkar,4.0,0,21,2.0,5.25,12,2,0,0,0,T20I # 2708
South Africa vs U.S.A.,United States of America,Ali Khan,4.0,0,45,,11.25,7,1,4,2,0,T20I # 2708
South Africa vs U.S.A.,United States of America,Jasdeep Singh,2.0,0,36,,18.0,2,2,3,2,1,T20I # 2708
South Africa vs U.S.A.,United States of America,Nosthush Kenjige,3.0,0,29,,9.66,2,2,1,0,0,T20I # 2708
South Africa vs U.S.A.,United States of America,Harmeet Singh,4.0,0,24,2.0,6.0,8,2,0,0,1,T20I # 2708
South Africa vs U.S.A.,United States of America,Steven Taylor,2.0,0,21,,10.5,3,2,1,0,0,T20I # 2708
South Africa vs U.S.A.,United States of America,Corey Anderson,1.0,0,17,,17.0,0,2,1,0,0,T20I # 2708
South Africa vs U.S.A.,South Africa,Marco Jansen,3.0,0,32,,10.66,9,3,2,2,0,T20I # 2708
South Africa vs U.S.A.,South Africa,Aiden Markram,1.0,0,13,,13.0,2,1,1,0,0,T20I # 2708
South Africa vs U.S.A.,South Africa,Kagiso Rabada,4.0,0,18,3.0,4.5,14,2,0,1,1,T20I # 2708
South Africa vs U.S.A.,South Africa,Keshav Maharaj,4.0,0,24,1.0,6.0,7,0,1,0,0,T20I # 2708
South Africa vs U.S.A.,South Africa,Anrich Nortje,4.0,0,37,1.0,9.25,10,2,3,1,0,T20I # 2708
South Africa vs U.S.A.,South Africa,Tabraiz Shamsi,4.0,0,50,1.0,12.5,5,3,4,2,0,T20I # 2708
South Africa vs England,England,Reece Topley,4.0,0,23,,5.75,8,1,0,2,0,T20I # 2712
South Africa vs England,England,Moeen Ali,3.0,0,25,1.0,8.33,6,2,1,0,0,T20I # 2712
South Africa vs England,England,Jofra Archer,4.0,0,40,3.0,10.0,10,3,3,1,0,T20I # 2712
South Africa vs England,England,Sam Curran,3.0,0,29,,9.66,7,1,2,1,0,T20I # 2712
South Africa vs England,England,Adil Rashid,4.0,0,20,1.0,5.0,9,1,0,0,0,T20I # 2712
South Africa vs England,England,Mark Wood,2.0,0,22,,11.0,4,4,0,2,0,T20I # 2712
South Africa vs England,South Africa,Marco Jansen,4.0,0,31,,7.75,9,2,1,0,1,T20I # 2712
South Africa vs England,South Africa,Kagiso Rabada,4.0,0,32,2.0,8.0,9,3,1,2,0,T20I # 2712
South Africa vs England,South Africa,Keshav Maharaj,4.0,0,25,2.0,6.25,9,2,0,0,0,T20I # 2712
South Africa vs England,South Africa,Ottneil Baartman,3.0,0,27,1.0,9.0,7,3,1,0,0,T20I # 2712
South Africa vs England,South Africa,Anrich Nortje,4.0,0,35,1.0,8.75,4,4,0,1,0,T20I # 2712
South Africa vs England,South Africa,Aiden Markram,1.0,0,4,,4.0,2,0,0,0,0,T20I # 2712
West Indies vs England,England,Reece Topley,3.0,0,26,,8.66,8,2,1,4,0,T20I # 2709
West Indies vs England,England,Mark Wood,3.0,0,36,,12.0,7,3,2,4,0,T20I # 2709
West Indies vs England,England,Jofra Archer,4.0,0,34,1.0,8.5,12,5,1,1,0,T20I # 2709
West Indies vs England,England,Sam Curran,3.0,0,25,,8.33,9,3,1,0,0,T20I # 2709
West Indies vs England,England,Adil Rashid,4.0,0,21,1.0,5.25,10,0,1,1,0,T20I # 2709
West Indies vs England,England,Moeen Ali,2.0,0,15,1.0,7.5,3,0,1,0,0,T20I # 2709
West Indies vs England,England,Liam Livingstone,1.0,0,20,1.0,20.0,2,0,3,0,0,T20I # 2709
West Indies vs England,West Indies,Akeal Hosein,4.0,0,35,,8.75,9,4,1,1,0,T20I # 2709
West Indies vs England,West Indies,Romario Shepherd,2.0,0,41,,20.5,2,5,3,1,0,T20I # 2709
West Indies vs England,West Indies,Andre Russell,2.0,0,21,1.0,10.5,2,0,1,2,0,T20I # 2709
West Indies vs England,West Indies,Alzarri Joseph,2.3,0,32,,12.8,2,2,2,0,0,T20I # 2709
West Indies vs England,West Indies,Gudakesh Motie,4.0,0,32,,8.0,8,4,0,0,0,T20I # 2709
West Indies vs England,West Indies,Roston Chase,3.0,0,19,1.0,6.33,6,1,0,2,0,T20I # 2709
P.N.G. vs New Zealand,New Zealand,Trent Boult,4.0,0,14,2.0,3.5,16,2,0,0,0,T20I # 2702
P.N.G. vs New Zealand,New Zealand,Tim Southee,4.0,0,11,2.0,2.75,18,1,0,2,0,T20I # 2702
P.N.G. vs New Zealand,New Zealand,Lockie Ferguson,4.0,4,0,3.0,0.0,24,0,0,0,0,T20I # 2702
P.N.G. vs New Zealand,New Zealand,Ish Sodhi,3.4,0,29,2.0,7.9,9,3,1,1,0,T20I # 2702
P.N.G. vs New Zealand,New Zealand,Mitchell Santner,4.0,0,17,1.0,4.25,14,1,0,1,0,T20I # 2702
P.N.G. vs New Zealand,Papua New Guinea,Kabua Morea,2.2,0,4,2.0,1.71,11,0,0,0,0,T20I # 2702
P.N.G. vs New Zealand,Papua New Guinea,Alei Nao,3.0,0,22,,7.33,9,1,2,0,0,T20I # 2702
P.N.G. vs New Zealand,Papua New Guinea,Assad Vala,1.0,0,4,,4.0,2,0,0,0,0,T20I # 2702
P.N.G. vs New Zealand,Papua New Guinea,Charles Amini,1.0,0,5,,5.0,1,0,0,0,0,T20I # 2702
P.N.G. vs New Zealand,Papua New Guinea,Semo Kamea,3.0,0,23,1.0,7.66,8,4,0,0,0,T20I # 2702
P.N.G. vs New Zealand,Papua New Guinea,Chad Soper,1.0,0,14,,14.0,2,1,1,0,0,T20I # 2702
P.N.G. vs New Zealand,Papua New Guinea,Norman Vanua,1.0,0,6,,6.0,3,1,0,0,0,T20I # 2702
West Indies vs Afghanistan,Afghanistan,Fazalhaq Farooqi,3.0,0,38,,12.66,4,5,1,1,1,T20I # 2703
West Indies vs Afghanistan,Afghanistan,Azmatullah Omarzai,2.0,0,41,1.0,20.5,5,4,3,1,1,T20I # 2703
West Indies vs Afghanistan,Afghanistan,Rashid Khan,4.0,0,45,,11.25,5,3,3,1,0,T20I # 2703
West Indies vs Afghanistan,Afghanistan,Naveen-ul-Haq,4.0,0,41,1.0,10.25,10,4,2,2,0,T20I # 2703
West Indies vs Afghanistan,Afghanistan,Noor Ahmad,4.0,0,20,,5.0,6,0,0,0,0,T20I # 2703
West Indies vs Afghanistan,Afghanistan,Mohammad Nabi,1.0,0,15,,15.0,2,0,2,0,0,T20I # 2703
West Indies vs Afghanistan,Afghanistan,Gulbadin Naib,2.0,0,14,2.0,7.0,4,0,1,0,0,T20I # 2703
West Indies vs Afghanistan,West Indies,Akeal Hosein,4.0,1,21,2.0,5.25,14,3,0,1,0,T20I # 2703
West Indies vs Afghanistan,West Indies,Andre Russell,2.2,0,17,1.0,7.28,6,1,1,0,0,T20I # 2703
West Indies vs Afghanistan,West Indies,Alzarri Joseph,3.0,0,30,1.0,10.0,7,4,1,1,0,T20I # 2703
West Indies vs Afghanistan,West Indies,Gudakesh Motie,4.0,0,28,2.0,7.0,12,1,2,0,0,T20I # 2703
West Indies vs Afghanistan,West Indies,Obed McCoy,3.0,0,14,3.0,4.66,9,1,0,0,0,T20I # 2703
Bangladesh vs Nepal,Nepal,Sompal Kami,3.0,0,10,2.0,3.33,12,1,0,0,0,T20I # 2698
Bangladesh vs Nepal,Nepal,Dipendra Singh Airee,3.3,0,22,2.0,6.28,11,3,0,0,0,T20I # 2698
Bangladesh vs Nepal,Nepal,Rohit Paudel,4.0,0,20,2.0,5.0,11,2,0,0,0,T20I # 2698
Bangladesh vs Nepal,Nepal,Sandeep Lamichhane,4.0,1,17,2.0,4.25,15,2,0,1,0,T20I # 2698
Bangladesh vs Nepal,Nepal,Kushal Bhurtel,4.0,0,22,,5.5,12,1,1,2,0,T20I # 2698
Bangladesh vs Nepal,Nepal,Abinash Bohara,1.0,0,10,,10.0,3,1,0,2,0,T20I # 2698
Bangladesh vs Nepal,Bangladesh,Tanzim Hasan Sakib,4.0,2,7,4.0,1.75,21,1,0,1,0,T20I # 2698
Bangladesh vs Nepal,Bangladesh,Taskin Ahmed,4.0,0,29,1.0,7.25,13,4,1,1,0,T20I # 2698
Bangladesh vs Nepal,Bangladesh,Mustafizur Rahman,4.0,1,7,3.0,1.75,20,1,0,0,0,T20I # 2698
Bangladesh vs Nepal,Bangladesh,Rishad Hossain,3.0,0,15,,5.0,13,1,0,1,0,T20I # 2698
Bangladesh vs Nepal,Bangladesh,Shakib Al Hasan,2.2,0,9,2.0,3.85,7,0,0,0,0,T20I # 2698
Bangladesh vs Nepal,Bangladesh,Mahmudullah,2.0,0,15,,7.5,6,1,1,0,0,T20I # 2698
Sri Lanka vs Netherlands,Netherlands,Vivian Kingma,3.0,0,23,1.0,7.66,9,3,0,3,0,T20I # 2699
Sri Lanka vs Netherlands,Netherlands,Aryan Dutt,3.0,0,23,1.0,7.66,5,1,1,1,0,T20I # 2699
Sri Lanka vs Netherlands,Netherlands,Logan van Beek,4.0,0,45,2.0,11.25,8,1,4,2,0,T20I # 2699
Sri Lanka vs Netherlands,Netherlands,Paul van Meekeren,3.0,0,37,1.0,12.33,4,3,2,2,0,T20I # 2699
Sri Lanka vs Netherlands,Netherlands,Tim Pringle,4.0,0,41,1.0,10.25,3,3,2,0,0,T20I # 2699
Sri Lanka vs Netherlands,Netherlands,Bas de Leede,3.0,0,32,,10.66,5,1,2,0,0,T20I # 2699
Sri Lanka vs Netherlands,Sri Lanka,Angelo Mathews,2.0,0,20,,10.0,7,0,2,1,1,T20I # 2699
Sri Lanka vs Netherlands,Sri Lanka,Nuwan Thushara,3.4,0,24,3.0,6.54,11,2,1,2,0,T20I # 2699
Sri Lanka vs Netherlands,Sri Lanka,Maheesh Theekshana,3.0,0,25,1.0,8.33,7,1,2,1,0,T20I # 2699
Sri Lanka vs Netherlands,Sri Lanka,Wanindu Hasaranga,4.0,0,25,2.0,6.25,10,1,1,0,0,T20I # 2699
Sri Lanka vs Netherlands,Sri Lanka,Dasun Shanaka,1.0,0,10,1.0,10.0,1,1,0,0,0,T20I # 2699
Sri Lanka vs Netherlands,Sri Lanka,Matheesha Pathirana,3.0,0,12,2.0,4.0,10,0,0,1,0,T20I # 2699
England vs Namibia,Namibia,David Wiese,2.0,0,6,1.0,3.0,9,1,0,0,0,T20I # 2688
England vs Namibia,Namibia,Ruben Trumpelmann,2.0,0,31,2.0,15.5,3,2,3,1,0,T20I # 2688
England vs Namibia,Namibia,Bernard Scholtz,2.0,0,24,1.0,12.0,4,1,2,0,0,T20I # 2688
England vs Namibia,Namibia,Gerhard Erasmus,2.0,0,26,,13.0,2,2,1,0,0,T20I # 2688
England vs Namibia,Namibia,Jack Brassell,2.0,0,32,,16.0,2,3,2,0,0,T20I # 2688
England vs Namibia,England,Reece Topley,2.0,0,6,,3.0,8,0,0,0,1,T20I # 2688
England vs Namibia,England,Jofra Archer,2.0,0,15,1.0,7.5,7,1,1,1,0,T20I # 2688
England vs Namibia,England,Sam Curran,2.0,0,13,,6.5,5,2,0,0,0,T20I # 2688
England vs Namibia,England,Chris Jordan,2.0,0,19,1.0,9.5,4,0,2,0,0,T20I # 2688
England vs Namibia,England,Adil Rashid,2.0,0,29,,14.5,3,1,3,1,0,T20I # 2688
Scotland vs Australia,Australia,Ashton Agar,4.0,0,39,1.0,9.75,6,0,3,1,0,T20I # 2689
Scotland vs Australia,Australia,Mitchell Starc,4.0,0,31,,7.75,10,1,2,1,0,T20I # 2689
Scotland vs Australia,Australia,Nathan Ellis,4.0,0,34,1.0,8.5,7,2,1,3,0,T20I # 2689
Scotland vs Australia,Australia,Glenn Maxwell,4.0,0,44,2.0,11.0,8,2,4,1,0,T20I # 2689
Scotland vs Australia,Australia,Adam Zampa,4.0,0,30,1.0,7.5,8,1,2,0,0,T20I # 2689
Scotland vs Australia,Scotland,Michael Leask,4.0,0,39,,9.75,8,2,3,0,0,T20I # 2689
Scotland vs Australia,Scotland,Brad Wheal,3.4,1,28,1.0,7.63,12,4,1,0,0,T20I # 2689
Scotland vs Australia,Scotland,Mark Watt,4.0,0,34,2.0,8.5,10,6,0,1,0,T20I # 2689
Scotland vs Australia,Scotland,Chris Sole,3.0,0,33,,11.0,4,3,1,1,0,T20I # 2689
Scotland vs Australia,Scotland,Safyaan Sharif,4.0,0,42,2.0,10.5,8,2,3,3,0,T20I # 2689
Scotland vs Australia,Scotland,Chris Greaves,1.0,0,4,,4.0,2,0,0,0,0,T20I # 2689
Oman vs England,England,Reece Topley,3.0,0,12,,4.0,11,0,1,0,0,T20I # 2678
Oman vs England,England,Jofra Archer,3.2,1,12,3.0,3.6,15,2,0,1,0,T20I # 2678
Oman vs England,England,Mark Wood,3.0,0,12,3.0,4.0,10,1,0,0,0,T20I # 2678
Oman vs England,England,Adil Rashid,4.0,0,11,4.0,2.75,20,1,0,3,0,T20I # 2678
Oman vs England,Oman,Bilal Khan,2.0,0,36,1.0,18.0,3,4,3,0,0,T20I # 2678
Oman vs England,Oman,Kaleemullah,1.0,0,10,1.0,10.0,4,2,0,0,1,T20I # 2678
Oman vs England,Oman,Fayyaz Butt,0.1,0,4,,24.0,0,1,0,0,0,T20I # 2678
Uganda vs New Zealand,New Zealand,Trent Boult,4.0,1,7,2.0,1.75,20,1,0,0,0,T20I # 2682
Uganda vs New Zealand,New Zealand,Tim Southee,4.0,1,4,3.0,1.0,20,0,0,0,0,T20I # 2682
Uganda vs New Zealand,New Zealand,Mitchell Santner,3.4,0,8,2.0,2.18,17,0,0,3,0,T20I # 2682
Uganda vs New Zealand,New Zealand,Lockie Ferguson,4.0,0,9,1.0,2.25,20,1,0,2,0,T20I # 2682
Uganda vs New Zealand,New Zealand,Rachin Ravindra,3.0,1,9,2.0,3.0,12,1,0,0,0,T20I # 2682
Uganda vs New Zealand,Uganda,Cosmas Kyewuta,2.0,0,13,,6.5,6,1,0,2,1,T20I # 2682
Uganda vs New Zealand,Uganda,Juma Miyagi,2.2,0,16,,6.85,7,3,0,0,0,T20I # 2682
Uganda vs New Zealand,Uganda,Riazat Ali Shah,1.0,0,10,1.0,10.0,3,1,0,4,0,T20I # 2682
South Africa vs Nepal,Nepal,Sompal Kami,2.0,1,6,,3.0,10,1,0,1,0,T20I # 2681
South Africa vs Nepal,Nepal,Dipendra Singh Airee,4.0,0,21,3.0,5.25,9,1,0,1,0,T20I # 2681
South Africa vs Nepal,Nepal,Karan KC,1.0,0,9,,9.0,3,2,0,0,0,T20I # 2681
South Africa vs Nepal,Nepal,Kushal Malla,2.0,0,17,,8.5,6,2,1,0,0,T20I # 2681
South Africa vs Nepal,Nepal,Sandeep Lamichhane,4.0,0,18,,4.5,11,1,0,0,0,T20I # 2681
South Africa vs Nepal,Nepal,Kushal Bhurtel,4.0,0,19,4.0,4.75,12,0,1,1,0,T20I # 2681
South Africa vs Nepal,Nepal,Abinash Bohara,3.0,0,19,,6.33,8,3,0,0,0,T20I # 2681
South Africa vs Nepal,South Africa,Marco Jansen,4.0,0,16,,4.0,16,1,1,0,0,T20I # 2681
South Africa vs Nepal,South Africa,Kagiso Rabada,2.0,0,17,,8.5,6,2,1,0,0,T20I # 2681
South Africa vs Nepal,South Africa,Ottneil Baartman,4.0,0,20,,5.0,15,3,0,0,0,T20I # 2681
South Africa vs Nepal,South Africa,Anrich Nortje,4.0,0,27,1.0,6.75,15,3,1,3,0,T20I # 2681
South Africa vs Nepal,South Africa,Tabraiz Shamsi,4.0,0,19,4.0,4.75,12,0,1,1,0,T20I # 2681
South Africa vs Nepal,South Africa,Aiden Markram,2.0,0,8,1.0,4.0,4,0,0,0,0,T20I # 2681
Bangladesh vs Netherlands,Netherlands,Vivian Kingma,2.0,0,20,,10.0,6,2,1,1,0,T20I # 2677
Bangladesh vs Netherlands,Netherlands,Aryan Dutt,4.0,0,17,2.0,4.25,12,1,0,1,0,T20I # 2677
Bangladesh vs Netherlands,Netherlands,Paul van Meekeren,4.0,0,15,2.0,3.75,13,1,0,0,0,T20I # 2677
Bangladesh vs Netherlands,Netherlands,Logan van Beek,4.0,0,43,,10.75,9,7,1,1,0,T20I # 2677
Bangladesh vs Netherlands,Netherlands,Bas de Leede,3.0,0,31,,10.33,5,5,0,0,0,T20I # 2677
Bangladesh vs Netherlands,Netherlands,Tim Pringle,3.0,0,26,1.0,8.66,6,3,1,0,0,T20I # 2677
Bangladesh vs Netherlands,Bangladesh,Mustafizur Rahman,4.0,0,12,1.0,3.0,17,1,0,1,0,T20I # 2677
Bangladesh vs Netherlands,Bangladesh,Tanzim Hasan Sakib,3.0,0,23,1.0,7.66,9,4,0,0,0,T20I # 2677
Bangladesh vs Netherlands,Bangladesh,Taskin Ahmed,4.0,0,30,2.0,7.5,13,3,2,0,0,T20I # 2677
Bangladesh vs Netherlands,Bangladesh,Shakib Al Hasan,4.0,0,29,,7.25,10,1,2,0,0,T20I # 2677
Bangladesh vs Netherlands,Bangladesh,Rishad Hossain,4.0,0,33,3.0,8.25,11,2,2,0,0,T20I # 2677
Bangladesh vs Netherlands,Bangladesh,Mahmudullah,1.0,0,6,1.0,6.0,3,1,0,0,0,T20I # 2677
Ireland vs Pakistan,Pakistan,Shaheen Shah Afridi,4.0,0,22,3.0,5.5,16,3,0,1,0,T20I # 2697
Ireland vs Pakistan,Pakistan,Mohammad Amir,4.0,1,11,2.0,2.75,20,2,0,0,0,T20I # 2697
Ireland vs Pakistan,Pakistan,Haris Rauf,4.0,0,17,1.0,4.25,16,1,1,0,0,T20I # 2697
Ireland vs Pakistan,Pakistan,Abbas Afridi,3.0,0,31,,10.33,5,1,2,2,0,T20I # 2697
Ireland vs Pakistan,Pakistan,Shadab Khan,1.0,0,11,,11.0,3,1,1,0,0,T20I # 2697
Ireland vs Pakistan,Pakistan,Imad Wasim,4.0,0,8,3.0,2.0,17,0,0,0,0,T20I # 2697
Ireland vs Pakistan,Ireland,Mark Adair,4.0,0,24,1.0,6.0,14,1,1,1,0,T20I # 2697
Ireland vs Pakistan,Ireland,Josh Little,3.0,0,17,,5.66,11,3,0,0,0,T20I # 2697
Ireland vs Pakistan,Ireland,Barry McCarthy,4.0,1,15,3.0,3.75,15,1,0,1,0,T20I # 2697
Ireland vs Pakistan,Ireland,Ben White,2.0,0,11,1.0,5.5,5,1,0,0,0,T20I # 2697
Ireland vs Pakistan,Ireland,Curtis Campher,4.0,0,24,2.0,6.0,12,2,1,0,0,T20I # 2697
Ireland vs Pakistan,Ireland,Gareth Delany,1.5,0,19,,10.36,3,0,2,1,0,T20I # 2697
P.N.G. vs Afghanistan,Afghanistan,Fazalhaq Farooqi,4.0,0,16,3.0,4.0,17,1,0,1,0,T20I # 2679
P.N.G. vs Afghanistan,Afghanistan,Mohammad Nabi,1.0,0,9,,9.0,1,1,0,0,0,T20I # 2679
P.N.G. vs Afghanistan,Afghanistan,Naveen-ul-Haq,2.5,0,4,2.0,1.41,14,0,0,1,0,T20I # 2679
P.N.G. vs Afghanistan,Afghanistan,Rashid Khan,4.0,0,25,,6.25,10,1,0,1,0,T20I # 2679
P.N.G. vs Afghanistan,Afghanistan,Noor Ahmad,4.0,0,14,1.0,3.5,15,1,0,1,0,T20I # 2679
P.N.G. vs Afghanistan,Afghanistan,Azmatullah Omarzai,2.0,1,5,,2.5,10,1,0,0,0,T20I # 2679
P.N.G. vs Afghanistan,Afghanistan,Karim Janat,2.0,0,10,,5.0,7,1,0,1,0,T20I # 2679
P.N.G. vs Afghanistan,Papua New Guinea,Alei Nao,4.0,0,26,1.0,6.5,14,0,2,3,0,T20I # 2679
P.N.G. vs Afghanistan,Papua New Guinea,Semo Kamea,3.0,0,16,1.0,5.33,10,2,0,2,0,T20I # 2679
P.N.G. vs Afghanistan,Papua New Guinea,Chad Soper,2.1,0,19,,8.76,5,1,1,0,0,T20I # 2679
P.N.G. vs Afghanistan,Papua New Guinea,Norman Vanua,3.0,0,18,1.0,6.0,7,2,0,0,0,T20I # 2679
P.N.G. vs Afghanistan,Papua New Guinea,John Kariko,3.0,0,15,,5.0,9,2,0,0,0,T20I # 2679
Canada vs Pakistan,Pakistan,Shaheen Shah Afridi,4.0,0,21,1.0,5.25,16,2,1,1,0,T20I # 2665
Canada vs Pakistan,Pakistan,Naseem Shah,4.0,0,24,1.0,6.0,13,2,1,1,0,T20I # 2665
Canada vs Pakistan,Pakistan,Mohammad Amir,4.0,0,13,2.0,3.25,17,2,0,0,0,T20I # 2665
Canada vs Pakistan,Pakistan,Haris Rauf,4.0,0,26,2.0,6.5,14,1,1,3,0,T20I # 2665
Canada vs Pakistan,Pakistan,Imad Wasim,4.0,0,19,,4.75,16,0,2,1,0,T20I # 2665
Canada vs Pakistan,Canada,Kaleem Sana,3.0,0,21,,7.0,8,1,0,1,0,T20I # 2665
Canada vs Pakistan,Canada,Jeremy Gordon,3.3,0,17,1.0,4.85,11,1,0,1,0,T20I # 2665
Canada vs Pakistan,Canada,Dilon Heyliger,4.0,0,18,2.0,4.5,10,0,0,1,0,T20I # 2665
Canada vs Pakistan,Canada,Saad Bin Zafar,4.0,0,23,,5.75,7,1,0,1,0,T20I # 2665
Canada vs Pakistan,Canada,Junaid Siddiqui,3.0,0,28,,9.33,3,0,2,1,0,T20I # 2665
West Indies vs New Zealand,New Zealand,Trent Boult,4.0,1,16,3.0,4.0,15,2,0,0,0,T20I # 2672
West Indies vs New Zealand,New Zealand,Tim Southee,4.0,0,21,2.0,5.25,14,2,1,0,0,T20I # 2672
West Indies vs New Zealand,New Zealand,Lockie Ferguson,4.0,0,27,2.0,6.75,11,2,1,2,0,T20I # 2672
West Indies vs New Zealand,New Zealand,James Neesham,4.0,0,27,1.0,6.75,9,0,2,1,0,T20I # 2672
West Indies vs New Zealand,New Zealand,Glenn Phillips,1.0,0,9,,9.0,2,0,1,0,0,T20I # 2672
West Indies vs New Zealand,New Zealand,Mitchell Santner,2.0,0,27,1.0,13.5,4,2,2,0,0,T20I # 2672
West Indies vs New Zealand,New Zealand,Daryl Mitchell,1.0,0,19,,19.0,2,0,3,0,0,T20I # 2672
West Indies vs New Zealand,West Indies,Akeal Hosein,4.0,0,21,1.0,5.25,11,1,1,0,0,T20I # 2672
West Indies vs New Zealand,West Indies,Romario Shepherd,3.0,0,36,,12.0,7,1,4,2,0,T20I # 2672
West Indies vs New Zealand,West Indies,Andre Russell,4.0,0,30,1.0,7.5,11,2,2,0,0,T20I # 2672
West Indies vs New Zealand,West Indies,Alzarri Joseph,4.0,0,19,4.0,4.75,13,2,0,0,0,T20I # 2672
West Indies vs New Zealand,West Indies,Gudakesh Motie,4.0,0,25,3.0,6.25,11,1,1,0,0,T20I # 2672
West Indies vs New Zealand,West Indies,Roston Chase,1.0,0,4,,4.0,3,0,0,1,0,T20I # 2672
U.S.A. vs India,India,Arshdeep Singh,4.0,0,9,4.0,2.25,17,0,0,1,0,T20I # 2671
U.S.A. vs India,India,Mohammed Siraj,4.0,0,25,,6.25,11,1,1,0,0,T20I # 2671
U.S.A. vs India,India,Jasprit Bumrah,4.0,0,25,,6.25,14,1,1,1,0,T20I # 2671
U.S.A. vs India,India,Hardik Pandya,4.0,1,14,2.0,3.5,19,1,1,0,0,T20I # 2671
U.S.A. vs India,India,Shivam Dube,1.0,0,11,,11.0,3,1,1,0,0,T20I # 2671
U.S.A. vs India,India,Axar Patel,3.0,0,25,1.0,8.33,5,0,2,1,0,T20I # 2671
U.S.A. vs India,United States of America,Saurabh Netravalkar,4.0,0,18,2.0,4.5,13,0,1,0,0,T20I # 2671
U.S.A. vs India,United States of America,Ali Khan,3.2,0,21,1.0,6.3,8,2,0,1,0,T20I # 2671
U.S.A. vs India,United States of America,Jasdeep Singh,4.0,0,24,,6.0,11,1,1,0,1,T20I # 2671
U.S.A. vs India,United States of America,Shadley van Schalkwyk,4.0,0,25,,6.25,8,1,1,0,0,T20I # 2671
U.S.A. vs India,United States of America,Corey Anderson,3.0,0,17,,5.66,8,0,1,1,0,T20I # 2671
Namibia vs Australia,Australia,Josh Hazlewood,4.0,0,18,2.0,4.5,16,2,0,1,0,T20I # 2666
Namibia vs Australia,Australia,Marcus Stoinis,3.0,0,9,2.0,3.0,14,1,0,2,0,T20I # 2666
Namibia vs Australia,Australia,Pat Cummins,3.0,1,16,1.0,5.33,11,1,1,0,0,T20I # 2666
Namibia vs Australia,Australia,Adam Zampa,4.0,0,12,4.0,3.0,17,0,1,0,0,T20I # 2666
Namibia vs Australia,Australia,Nathan Ellis,3.0,1,12,1.0,4.0,13,2,0,0,0,T20I # 2666
Namibia vs Australia,Namibia,Ruben Trumpelmann,2.0,0,19,,9.5,5,4,0,0,0,T20I # 2666
Namibia vs Australia,Namibia,David Wiese,1.0,0,15,1.0,15.0,3,2,1,1,0,T20I # 2666
Namibia vs Australia,Namibia,Ben Shikongo,1.0,0,19,,19.0,1,3,1,0,0,T20I # 2666
Namibia vs Australia,Namibia,Gerhard Erasmus,1.0,0,6,,6.0,5,0,1,0,0,T20I # 2666
Namibia vs Australia,Namibia,Jack Brassell,0.4,0,14,,21.0,1,2,1,0,0,T20I # 2666
South Africa vs Bangladesh,Bangladesh,Tanzim Hasan Sakib,4.0,0,18,3.0,4.5,17,1,1,2,0,T20I # 2664
South Africa vs Bangladesh,Bangladesh,Taskin Ahmed,4.0,0,19,2.0,4.75,14,1,1,0,0,T20I # 2664
South Africa vs Bangladesh,Bangladesh,Mustafizur Rahman,4.0,0,18,,4.5,16,1,1,1,0,T20I # 2664
South Africa vs Bangladesh,Bangladesh,Rishad Hossain,4.0,0,32,1.0,8.0,10,2,2,0,0,T20I # 2664
South Africa vs Bangladesh,Bangladesh,Shakib Al Hasan,1.0,0,6,,6.0,1,0,0,0,0,T20I # 2664
South Africa vs Bangladesh,Bangladesh,Mahmudullah,3.0,0,17,,5.66,8,0,1,0,0,T20I # 2664
South Africa vs Bangladesh,South Africa,Marco Jansen,4.0,0,17,,4.25,17,2,0,2,0,T20I # 2664
South Africa vs Bangladesh,South Africa,Kagiso Rabada,4.0,0,19,2.0,4.75,12,2,0,0,0,T20I # 2664
South Africa vs Bangladesh,South Africa,Ottneil Baartman,4.0,0,27,,6.75,11,2,1,0,0,T20I # 2664
South Africa vs Bangladesh,South Africa,Keshav Maharaj,4.0,0,27,3.0,6.75,12,0,2,2,0,T20I # 2664
South Africa vs Bangladesh,South Africa,Anrich Nortje,4.0,0,17,2.0,4.25,14,1,0,1,1,T20I # 2664
Oman vs Scotland,Scotland,Mark Watt,4.0,0,25,1.0,6.25,8,2,0,2,0,T20I # 2659
Oman vs Scotland,Scotland,Brad Wheal,4.0,0,19,1.0,4.75,12,2,0,0,0,T20I # 2659
Oman vs Scotland,Scotland,Chris Sole,4.0,0,41,1.0,10.25,7,2,3,0,0,T20I # 2659
Oman vs Scotland,Scotland,Safyaan Sharif,4.0,0,40,2.0,10.0,6,6,0,0,0,T20I # 2659
Oman vs Scotland,Scotland,Michael Leask,3.0,0,21,,7.0,8,1,1,1,0,T20I # 2659
Oman vs Scotland,Scotland,Chris Greaves,1.0,0,2,1.0,2.0,4,0,0,0,0,T20I # 2659
Oman vs Scotland,Oman,Bilal Khan,2.1,0,12,1.0,5.53,8,2,0,0,0,T20I # 2659
Oman vs Scotland,Oman,Shakeel Ahmed,2.0,0,23,,11.5,5,2,2,0,0,T20I # 2659
Oman vs Scotland,Oman,Kaleemullah,2.0,0,17,,8.5,6,2,1,0,0,T20I # 2659
Oman vs Scotland,Oman,Aqib Ilyas,3.0,0,41,1.0,13.66,6,4,3,0,0,T20I # 2659
Oman vs Scotland,Oman,Mehran Khan,1.0,0,16,1.0,16.0,3,1,1,1,0,T20I # 2659
Oman vs Scotland,Oman,Zeeshan Maqsood,2.0,0,22,,11.0,4,2,1,0,0,T20I # 2659
Oman vs Scotland,Oman,Ayaan Khan,1.0,0,20,,20.0,1,0,3,0,0,T20I # 2659
India vs Pakistan,Pakistan,Shaheen Shah Afridi,4.0,0,29,1.0,7.25,14,1,2,1,0,T20I # 2658
India vs Pakistan,Pakistan,Naseem Shah,4.0,0,21,3.0,5.25,15,3,0,1,1,T20I # 2658
India vs Pakistan,Pakistan,Mohammad Amir,4.0,0,23,2.0,5.75,15,3,0,0,0,T20I # 2658
India vs Pakistan,Pakistan,Iftikhar Ahmed,1.0,0,7,,7.0,3,1,0,1,0,T20I # 2658
India vs Pakistan,Pakistan,Imad Wasim,3.0,0,17,,5.66,6,1,0,1,0,T20I # 2658
India vs Pakistan,Pakistan,Haris Rauf,3.0,0,21,3.0,7.0,10,4,0,0,0,T20I # 2658
India vs Pakistan,India,Arshdeep Singh,4.0,0,31,1.0,7.75,11,4,0,1,0,T20I # 2658
India vs Pakistan,India,Mohammed Siraj,4.0,0,19,,4.75,11,1,0,1,1,T20I # 2658
India vs Pakistan,India,Jasprit Bumrah,4.0,0,14,3.0,3.5,15,1,0,0,0,T20I # 2658
India vs Pakistan,India,Hardik Pandya,4.0,0,24,2.0,6.0,11,1,1,1,0,T20I # 2658
India vs Pakistan,India,Ravindra Jadeja,2.0,0,10,,5.0,5,1,0,0,0,T20I # 2658
India vs Pakistan,India,Axar Patel,2.0,0,11,1.0,5.5,6,0,1,0,0,T20I # 2658
West Indies vs Uganda,Uganda,Alpesh Ramjani,3.0,0,16,1.0,5.33,11,1,1,0,0,T20I # 2651
West Indies vs Uganda,Uganda,Cosmas Kyewuta,4.0,0,42,1.0,10.5,15,7,1,2,1,T20I # 2651
West Indies vs Uganda,Uganda,Juma Miyagi,3.0,0,29,,9.66,6,3,1,0,1,T20I # 2651
West Indies vs Uganda,Uganda,Frank Nsubuga,3.0,0,29,,9.66,4,1,2,0,1,T20I # 2651
West Indies vs Uganda,Uganda,Brian Masaba,4.0,0,31,2.0,7.75,10,1,2,2,0,T20I # 2651
West Indies vs Uganda,Uganda,Dinesh Nakrani,3.0,0,20,1.0,6.66,5,2,0,0,0,T20I # 2651
West Indies vs Uganda,West Indies,Akeal Hosein,4.0,0,11,5.0,2.75,19,2,0,0,0,T20I # 2651
West Indies vs Uganda,West Indies,Romario Shepherd,2.0,0,9,1.0,4.5,6,1,0,0,0,T20I # 2651
West Indies vs Uganda,West Indies,Andre Russell,1.0,0,4,1.0,4.0,4,0,0,1,0,T20I # 2651
West Indies vs Uganda,West Indies,Alzarri Joseph,3.0,0,6,2.0,2.0,14,0,0,1,0,T20I # 2651
West Indies vs Uganda,West Indies,Gudakesh Motie,2.0,0,6,1.0,3.0,8,0,0,0,0,T20I # 2651
Afghanistan vs New Zealand,New Zealand,Trent Boult,4.0,0,22,2.0,5.5,12,1,1,0,0,T20I # 2645
Afghanistan vs New Zealand,New Zealand,Matt Henry,4.0,0,37,2.0,9.25,10,3,2,0,0,T20I # 2645
Afghanistan vs New Zealand,New Zealand,Mitchell Santner,4.0,0,24,,6.0,11,3,0,0,0,T20I # 2645
Afghanistan vs New Zealand,New Zealand,Michael Bracewell,3.0,0,27,,9.0,6,0,3,0,0,T20I # 2645
Afghanistan vs New Zealand,New Zealand,Lockie Ferguson,4.0,0,28,1.0,7.0,12,3,1,0,0,T20I # 2645
Afghanistan vs New Zealand,New Zealand,Daryl Mitchell,1.0,0,16,,16.0,0,0,2,0,0,T20I # 2645
Afghanistan vs New Zealand,Afghanistan,Fazalhaq Farooqi,3.2,0,17,4.0,5.1,15,2,0,3,0,T20I # 2645
Afghanistan vs New Zealand,Afghanistan,Mohammad Nabi,4.0,0,16,2.0,4.0,11,0,0,0,0,T20I # 2645
Afghanistan vs New Zealand,Afghanistan,Naveen-ul-Haq,3.0,0,10,,3.33,12,1,0,0,0,T20I # 2645
Afghanistan vs New Zealand,Afghanistan,Rashid Khan,4.0,0,17,4.0,4.25,16,2,0,2,0,T20I # 2645
Afghanistan vs New Zealand,Afghanistan,Noor Ahmad,1.0,0,10,,10.0,1,0,1,0,0,T20I # 2645
Australia vs England,England,Moeen Ali,2.0,0,18,1.0,9.0,6,2,1,0,0,T20I # 2650
Australia vs England,England,Will Jacks,1.0,0,22,,22.0,1,0,3,0,0,T20I # 2650
Australia vs England,England,Jofra Archer,4.0,0,28,1.0,7.0,11,2,1,1,0,T20I # 2650
Australia vs England,England,Mark Wood,3.0,0,32,,10.66,9,2,3,0,0,T20I # 2650
Australia vs England,England,Adil Rashid,4.0,0,41,1.0,10.25,7,4,2,1,0,T20I # 2650
Australia vs England,England,Chris Jordan,4.0,0,44,2.0,11.0,6,4,2,4,0,T20I # 2650
Australia vs England,England,Liam Livingstone,2.0,0,15,1.0,7.5,2,0,1,0,0,T20I # 2650
Australia vs England,Australia,Mitchell Starc,3.0,0,37,,12.33,7,3,3,2,0,T20I # 2650
Australia vs England,Australia,Josh Hazlewood,4.0,0,28,1.0,7.0,10,4,0,0,0,T20I # 2650
Australia vs England,Australia,Pat Cummins,4.0,0,23,2.0,5.75,10,2,0,1,0,T20I # 2650
Australia vs England,Australia,Marcus Stoinis,3.0,0,24,1.0,8.0,6,3,0,2,0,T20I # 2650
Australia vs England,Australia,Adam Zampa,4.0,0,28,2.0,7.0,9,0,2,0,0,T20I # 2650
Australia vs England,Australia,Glenn Maxwell,2.0,0,22,,11.0,5,0,3,0,0,T20I # 2650
Netherlands vs South Africa,South Africa,Marco Jansen,4.0,0,20,2.0,5.0,15,2,0,1,1,T20I # 2649
Netherlands vs South Africa,South Africa,Kagiso Rabada,4.0,0,27,,6.75,12,2,1,1,0,T20I # 2649
Netherlands vs South Africa,South Africa,Ottneil Baartman,4.0,0,11,4.0,2.75,17,1,0,1,0,T20I # 2649
Netherlands vs South Africa,South Africa,Anrich Nortje,4.0,0,19,2.0,4.75,14,0,1,1,1,T20I # 2649
Netherlands vs South Africa,South Africa,Keshav Maharaj,4.0,0,24,,6.0,6,1,0,1,0,T20I # 2649
Netherlands vs South Africa,Netherlands,Vivian Kingma,4.0,1,12,2.0,3.0,18,0,0,1,0,T20I # 2649
Netherlands vs South Africa,Netherlands,Logan van Beek,4.0,1,21,2.0,5.25,13,1,1,0,0,T20I # 2649
Netherlands vs South Africa,Netherlands,Paul van Meekeren,4.0,1,13,,3.25,17,1,0,1,0,T20I # 2649
Netherlands vs South Africa,Netherlands,Bas de Leede,3.5,0,34,1.0,8.86,12,2,2,0,1,T20I # 2649
Netherlands vs South Africa,Netherlands,Tim Pringle,2.0,0,14,,7.0,4,0,1,0,0,T20I # 2649
Netherlands vs South Africa,Netherlands,Vikramjit Singh,1.0,0,11,,11.0,0,0,1,0,0,T20I # 2649
Sri Lanka vs Bangladesh,Bangladesh,Tanzim Hasan Sakib,4.0,0,24,1.0,6.0,14,2,1,0,0,T20I # 2646
Sri Lanka vs Bangladesh,Bangladesh,Shakib Al Hasan,3.0,0,30,,10.0,5,4,0,0,0,T20I # 2646
Sri Lanka vs Bangladesh,Bangladesh,Taskin Ahmed,4.0,0,25,2.0,6.25,12,3,0,1,0,T20I # 2646
Sri Lanka vs Bangladesh,Bangladesh,Mustafizur Rahman,4.0,0,17,3.0,4.25,14,2,0,1,0,T20I # 2646
Sri Lanka vs Bangladesh,Bangladesh,Rishad Hossain,4.0,0,22,3.0,5.5,10,1,1,0,0,T20I # 2646
Sri Lanka vs Bangladesh,Bangladesh,Mahmudullah,1.0,0,4,,4.0,2,0,0,0,0,T20I # 2646
Sri Lanka vs Bangladesh,Sri Lanka,Dhananjaya de Silva,2.0,0,11,1.0,5.5,3,0,0,1,0,T20I # 2646
Sri Lanka vs Bangladesh,Sri Lanka,Nuwan Thushara,4.0,0,18,4.0,4.5,14,1,0,5,0,T20I # 2646
Sri Lanka vs Bangladesh,Sri Lanka,Maheesh Theekshana,4.0,0,25,,6.25,8,1,0,3,0,T20I # 2646
Sri Lanka vs Bangladesh,Sri Lanka,Wanindu Hasaranga,4.0,0,32,2.0,8.0,12,0,4,0,0,T20I # 2646
Sri Lanka vs Bangladesh,Sri Lanka,Matheesha Pathirana,4.0,0,27,1.0,6.75,11,1,1,2,0,T20I # 2646
Sri Lanka vs Bangladesh,Sri Lanka,Dasun Shanaka,1.0,0,11,,11.0,2,0,1,1,0,T20I # 2646
Namibia vs Scotland,Scotland,Brad Wheal,4.0,0,33,3.0,8.25,8,2,1,1,1,T20I # 2643
Namibia vs Scotland,Scotland,Brad Currie,4.0,0,16,2.0,4.0,12,1,0,0,0,T20I # 2643
Namibia vs Scotland,Scotland,Chris Sole,3.0,0,23,1.0,7.66,7,3,0,1,1,T20I # 2643
Namibia vs Scotland,Scotland,Mark Watt,4.0,0,39,,9.75,8,4,2,0,0,T20I # 2643
Namibia vs Scotland,Scotland,Chris Greaves,3.0,0,24,1.0,8.0,5,1,1,0,0,T20I # 2643
Namibia vs Scotland,Scotland,Michael Leask,2.0,0,16,1.0,8.0,4,1,1,0,0,T20I # 2643
Namibia vs Scotland,Namibia,Ruben Trumpelmann,4.0,0,36,1.0,9.0,9,1,1,4,1,T20I # 2643
Namibia vs Scotland,Namibia,David Wiese,3.3,0,30,,8.57,10,1,3,0,0,T20I # 2643
Namibia vs Scotland,Namibia,Tangeni Lungameni,3.0,0,39,1.0,13.0,4,3,2,1,0,T20I # 2643
Namibia vs Scotland,Namibia,Bernard Scholtz,4.0,0,20,1.0,5.0,7,1,0,0,0,T20I # 2643
Namibia vs Scotland,Namibia,Gerhard Erasmus,4.0,0,29,2.0,7.25,9,1,1,2,0,T20I # 2643
U.S.A. vs Pakistan,United States of America,Nosthush Kenjige,4.0,0,30,3.0,7.5,10,1,2,0,0,T20I # 2642
U.S.A. vs Pakistan,United States of America,Saurabh Netravalkar,4.0,0,18,2.0,4.5,13,0,1,0,0,T20I # 2642
U.S.A. vs Pakistan,United States of America,Ali Khan,4.0,0,30,1.0,7.5,8,2,1,2,0,T20I # 2642
U.S.A. vs Pakistan,United States of America,Harmeet Singh,4.0,0,34,,8.5,9,2,2,1,0,T20I # 2642
U.S.A. vs Pakistan,United States of America,Jasdeep Singh,3.0,0,37,1.0,12.33,4,2,3,1,0,T20I # 2642
U.S.A. vs Pakistan,United States of America,Corey Anderson,1.0,0,6,,6.0,3,1,0,0,0,T20I # 2642
U.S.A. vs Pakistan,Pakistan,Shaheen Shah Afridi,4.0,0,33,,8.25,13,5,1,2,0,T20I # 2642
U.S.A. vs Pakistan,Pakistan,Mohammad Amir,4.0,0,25,1.0,6.25,12,2,0,3,0,T20I # 2642
U.S.A. vs Pakistan,Pakistan,Naseem Shah,4.0,0,26,1.0,6.5,9,3,0,2,0,T20I # 2642
U.S.A. vs Pakistan,Pakistan,Haris Rauf,4.0,0,37,1.0,9.25,9,4,1,1,0,T20I # 2642
U.S.A. vs Pakistan,Pakistan,Shadab Khan,3.0,0,27,,9.0,4,0,2,1,0,T20I # 2642
U.S.A. vs Pakistan,Pakistan,Iftikhar Ahmed,1.0,0,10,,10.0,2,2,0,0,0,T20I # 2642
Canada vs Ireland,Ireland,Mark Adair,4.0,0,23,1.0,5.75,10,2,0,1,0,T20I # 2644
Canada vs Ireland,Ireland,Josh Little,4.0,0,37,,9.25,6,4,0,2,0,T20I # 2644
Canada vs Ireland,Ireland,Craig Young,4.0,0,32,2.0,8.0,13,3,2,1,0,T20I # 2644
Canada vs Ireland,Ireland,Barry McCarthy,4.0,0,24,2.0,6.0,12,4,0,0,0,T20I # 2644
Canada vs Ireland,Ireland,Gareth Delany,2.0,0,10,1.0,5.0,5,0,0,0,0,T20I # 2644
Canada vs Ireland,Ireland,Curtis Campher,2.0,0,11,,5.5,4,0,0,1,0,T20I # 2644
Canada vs Ireland,Canada,Kaleem Sana,4.0,0,38,,9.5,11,4,1,3,0,T20I # 2644
Canada vs Ireland,Canada,Jeremy Gordon,4.0,0,16,2.0,4.0,14,1,0,1,0,T20I # 2644
Canada vs Ireland,Canada,Junaid Siddiqui,4.0,0,27,1.0,6.75,9,1,1,0,0,T20I # 2644
Canada vs Ireland,Canada,Saad Bin Zafar,4.0,0,22,1.0,5.5,7,0,0,0,0,T20I # 2644
Canada vs Ireland,Canada,Dilon Heyliger,4.0,0,18,2.0,4.5,12,1,0,1,0,T20I # 2644
Australia vs Oman,Oman,Bilal Khan,4.0,0,36,1.0,9.0,9,4,1,1,1,T20I # 2641
Australia vs Oman,Oman,Kaleemullah,3.0,0,30,1.0,10.0,7,4,1,0,0,T20I # 2641
Australia vs Oman,Oman,Shakeel Ahmed,4.0,0,28,,7.0,10,2,1,0,1,T20I # 2641
Australia vs Oman,Oman,Mehran Khan,4.0,0,38,2.0,9.5,12,1,4,0,1,T20I # 2641
Australia vs Oman,Oman,Aqib Ilyas,4.0,0,18,,4.5,10,1,0,0,0,T20I # 2641
Australia vs Oman,Oman,Zeeshan Maqsood,1.0,0,12,,12.0,0,2,0,0,0,T20I # 2641
Australia vs Oman,Australia,Mitchell Starc,3.0,0,20,2.0,6.66,12,3,0,5,0,T20I # 2641
Australia vs Oman,Australia,Josh Hazlewood,4.0,0,21,,5.25,12,1,1,0,0,T20I # 2641
Australia vs Oman,Australia,Nathan Ellis,4.0,0,28,2.0,7.0,9,2,1,1,0,T20I # 2641
Australia vs Oman,Australia,Marcus Stoinis,3.0,0,19,3.0,6.33,11,1,1,1,0,T20I # 2641
Australia vs Oman,Australia,Glenn Maxwell,2.0,0,11,,5.5,5,1,0,1,0,T20I # 2641
Australia vs Oman,Australia,Adam Zampa,4.0,0,24,2.0,6.0,11,0,2,0,0,T20I # 2641
Afghanistan vs Uganda,Uganda,Alpesh Ramjani,4.0,0,33,1.0,8.25,9,0,2,0,0,T20I # 2636
Afghanistan vs Uganda,Uganda,Cosmas Kyewuta,4.0,0,25,2.0,6.25,9,2,0,0,0,T20I # 2636
Afghanistan vs Uganda,Uganda,Dinesh Nakrani,3.0,0,37,,12.33,2,6,0,0,0,T20I # 2636
Afghanistan vs Uganda,Uganda,Bilal Hassan,2.0,0,34,,17.0,3,4,1,1,1,T20I # 2636
Afghanistan vs Uganda,Uganda,Henry Ssenyondo,2.0,0,19,,9.5,4,0,2,1,0,T20I # 2636
Afghanistan vs Uganda,Uganda,Riazat Ali Shah,1.0,0,11,,11.0,1,1,0,0,0,T20I # 2636
Afghanistan vs Uganda,Uganda,Brian Masaba,4.0,0,21,2.0,5.25,8,0,0,0,0,T20I # 2636
Afghanistan vs Uganda,Afghanistan,Fazalhaq Farooqi,4.0,0,9,5.0,2.25,18,1,0,0,0,T20I # 2636
Afghanistan vs Uganda,Afghanistan,Mujeeb Ur Rahman,3.0,0,16,1.0,5.33,13,2,0,1,0,T20I # 2636
Afghanistan vs Uganda,Afghanistan,Naveen-ul-Haq,2.0,0,4,2.0,2.0,9,0,0,1,0,T20I # 2636
Afghanistan vs Uganda,Afghanistan,Azmatullah Omarzai,2.0,0,7,,3.5,8,0,0,1,0,T20I # 2636
Afghanistan vs Uganda,Afghanistan,Rashid Khan,4.0,0,12,2.0,3.0,16,1,0,0,0,T20I # 2636
Afghanistan vs Uganda,Afghanistan,Mohammad Nabi,1.0,0,8,,8.0,3,0,1,0,0,T20I # 2636
Ireland vs India,India,Arshdeep Singh,4.0,0,35,2.0,8.75,14,3,1,5,1,T20I # 2639
Ireland vs India,India,Mohammed Siraj,3.0,0,13,1.0,4.33,14,2,0,0,0,T20I # 2639
Ireland vs India,India,Jasprit Bumrah,3.0,1,6,2.0,2.0,13,0,0,0,0,T20I # 2639
Ireland vs India,India,Hardik Pandya,4.0,1,27,3.0,6.75,14,2,2,0,0,T20I # 2639
Ireland vs India,India,Axar Patel,1.0,0,3,1.0,3.0,3,0,0,0,0,T20I # 2639
Ireland vs India,India,Ravindra Jadeja,1.0,0,7,,7.0,2,1,0,0,0,T20I # 2639
Ireland vs India,Ireland,Mark Adair,4.0,0,27,1.0,6.75,13,3,0,3,0,T20I # 2639
Ireland vs India,Ireland,Josh Little,4.0,0,42,,10.5,12,2,4,3,0,T20I # 2639
Ireland vs India,Ireland,Barry McCarthy,2.2,0,18,,7.71,5,1,1,0,0,T20I # 2639
Ireland vs India,Ireland,Curtis Campher,1.0,0,4,,4.0,3,0,0,0,0,T20I # 2639
Ireland vs India,Ireland,Ben White,1.0,0,6,1.0,6.0,3,1,0,0,0,T20I # 2639
P.N.G. vs Uganda,Uganda,Alpesh Ramjani,4.0,1,17,2.0,4.25,16,1,1,0,0,T20I # 2640
P.N.G. vs Uganda,Uganda,Cosmas Kyewuta,3.1,0,17,2.0,5.36,9,2,0,0,0,T20I # 2640
P.N.G. vs Uganda,Uganda,Juma Miyagi,4.0,0,11,2.0,2.75,16,0,0,0,1,T20I # 2640
P.N.G. vs Uganda,Uganda,Brian Masaba,4.0,0,17,1.0,4.25,11,1,0,0,0,T20I # 2640
P.N.G. vs Uganda,Uganda,Frank Nsubuga,4.0,2,4,2.0,1.0,20,0,0,0,0,T20I # 2640
P.N.G. vs Uganda,Papua New Guinea,Alei Nao,4.0,0,16,2.0,4.0,16,0,0,3,0,T20I # 2640
P.N.G. vs Uganda,Papua New Guinea,Norman Vanua,4.0,0,19,2.0,4.75,17,1,0,6,0,T20I # 2640
P.N.G. vs Uganda,Papua New Guinea,Chad Soper,4.0,0,13,1.0,3.25,14,0,0,1,0,T20I # 2640
P.N.G. vs Uganda,Papua New Guinea,Assad Vala,2.0,0,10,1.0,5.0,6,1,0,0,0,T20I # 2640
P.N.G. vs Uganda,Papua New Guinea,John Kariko,4.0,0,18,,4.5,8,0,0,0,0,T20I # 2640
P.N.G. vs Uganda,Papua New Guinea,Charles Amini,0.2,0,2,,6.0,1,0,0,0,0,T20I # 2640
Nepal vs Netherlands,Netherlands,Vivian Kingma,4.0,0,23,,5.75,15,4,0,2,0,T20I # 2638
Nepal vs Netherlands,Netherlands,Tim Pringle,4.0,0,20,3.0,5.0,13,1,1,0,0,T20I # 2638
Nepal vs Netherlands,Netherlands,Logan van Beek,3.2,0,18,3.0,5.4,14,2,1,0,0,T20I # 2638
Nepal vs Netherlands,Netherlands,Paul van Meekeren,4.0,0,19,2.0,4.75,12,2,0,1,0,T20I # 2638
Nepal vs Netherlands,Netherlands,Bas de Leede,4.0,1,22,2.0,5.5,12,1,1,1,0,T20I # 2638
Nepal vs Netherlands,Nepal,Karan KC,3.0,0,17,,5.66,10,3,0,0,0,T20I # 2638
Nepal vs Netherlands,Nepal,Sompal Kami,4.0,0,18,1.0,4.5,12,2,0,0,0,T20I # 2638
Nepal vs Netherlands,Nepal,Gulsan Jha,2.0,0,17,,8.5,2,2,0,0,1,T20I # 2638
Nepal vs Netherlands,Nepal,Dipendra Singh Airee,2.0,0,6,1.0,3.0,7,0,0,0,0,T20I # 2638
Nepal vs Netherlands,Nepal,Abinash Bohara,3.4,0,29,1.0,7.9,5,2,1,0,0,T20I # 2638
Nepal vs Netherlands,Nepal,Sagar Dhakal,4.0,0,21,,5.25,8,1,0,0,0,T20I # 2638
Sri Lanka vs South Africa,South Africa,Marco Jansen,3.1,0,15,,4.73,11,0,1,1,0,T20I # 2635
Sri Lanka vs South Africa,South Africa,Kagiso Rabada,4.0,1,21,2.0,5.25,15,2,1,1,0,T20I # 2635
Sri Lanka vs South Africa,South Africa,Ottneil Baartman,4.0,1,9,1.0,2.25,20,1,0,1,0,T20I # 2635
Sri Lanka vs South Africa,South Africa,Keshav Maharaj,4.0,0,22,2.0,5.5,10,0,1,0,0,T20I # 2635
Sri Lanka vs South Africa,South Africa,Anrich Nortje,4.0,0,7,4.0,1.75,18,0,0,0,0,T20I # 2635
Sri Lanka vs South Africa,Sri Lanka,Angelo Mathews,3.0,0,16,,5.33,11,1,1,1,0,T20I # 2635
Sri Lanka vs South Africa,Sri Lanka,Nuwan Thushara,3.0,0,18,1.0,6.0,8,0,1,0,1,T20I # 2635
Sri Lanka vs South Africa,Sri Lanka,Dasun Shanaka,3.0,1,6,1.0,2.0,12,0,0,0,0,T20I # 2635
Sri Lanka vs South Africa,Sri Lanka,Matheesha Pathirana,3.0,0,12,,4.0,8,0,0,1,0,T20I # 2635
Sri Lanka vs South Africa,Sri Lanka,Wanindu Hasaranga,3.2,0,22,2.0,6.6,10,2,1,0,0,T20I # 2635
Sri Lanka vs South Africa,Sri Lanka,Maheesh Theekshana,1.0,0,3,,3.0,3,0,0,0,0,T20I # 2635
Oman vs Namibia,Namibia,Ruben Trumpelmann,4.0,0,21,4.0,5.25,12,2,0,0,1,T20I # 2634
Oman vs Namibia,Namibia,David Wiese,3.4,0,28,3.0,7.63,11,4,1,0,0,T20I # 2634
Oman vs Namibia,Namibia,Tangeni Lungameni,4.0,0,18,,4.5,14,2,0,1,0,T20I # 2634
Oman vs Namibia,Namibia,Bernard Scholtz,4.0,0,20,1.0,5.0,11,0,1,1,0,T20I # 2634
Oman vs Namibia,Namibia,Gerhard Erasmus,4.0,0,20,2.0,5.0,9,1,0,0,0,T20I # 2634
Oman vs Namibia,Oman,Bilal Khan,4.0,0,25,1.0,6.25,11,2,1,1,0,T20I # 2634
Oman vs Namibia,Oman,Shakeel Ahmed,3.0,0,20,,6.66,10,4,0,0,0,T20I # 2634
Oman vs Namibia,Oman,Kaleemullah,2.0,0,10,,5.0,7,1,0,0,0,T20I # 2634
Oman vs Namibia,Oman,Aqib Ilyas,4.0,1,17,1.0,4.25,15,1,1,0,0,T20I # 2634
Oman vs Namibia,Oman,Mehran Khan,3.0,1,7,3.0,2.33,12,0,0,0,0,T20I # 2634
Oman vs Namibia,Oman,Zeeshan Maqsood,2.0,0,12,,6.0,4,1,0,0,0,T20I # 2634
Oman vs Namibia,Oman,Ayaan Khan,2.0,0,12,1.0,6.0,6,1,0,1,0,T20I # 2634
West Indies vs P.N.G.,West Indies,Akeal Hosein,3.0,0,9,1.0,3.0,13,1,0,0,0,T20I # 2633
West Indies vs P.N.G.,West Indies,Romario Shepherd,3.0,0,23,1.0,7.66,5,1,0,1,0,T20I # 2633
West Indies vs P.N.G.,West Indies,Andre Russell,3.0,0,19,2.0,6.33,8,2,0,1,0,T20I # 2633
West Indies vs P.N.G.,West Indies,Roston Chase,4.0,0,26,,6.5,11,1,1,3,0,T20I # 2633
West Indies vs P.N.G.,West Indies,Alzarri Joseph,4.0,0,34,2.0,8.5,11,5,0,1,1,T20I # 2633
West Indies vs P.N.G.,West Indies,Gudakesh Motie,3.0,0,24,1.0,8.0,7,2,1,0,0,T20I # 2633
West Indies vs P.N.G.,Papua New Guinea,Kabua Morea,3.0,0,30,,10.0,7,6,0,0,0,T20I # 2633
West Indies vs P.N.G.,Papua New Guinea,Alei Nao,2.0,1,9,1.0,4.5,9,2,0,0,0,T20I # 2633
West Indies vs P.N.G.,Papua New Guinea,Chad Soper,3.0,0,19,1.0,6.33,8,2,0,0,0,T20I # 2633
West Indies vs P.N.G.,Papua New Guinea,Sese Bau,1.0,0,18,,18.0,1,1,2,0,0,T20I # 2633
West Indies vs P.N.G.,Papua New Guinea,John Kariko,4.0,0,17,1.0,4.25,15,0,1,0,0,T20I # 2633
West Indies vs P.N.G.,Papua New Guinea,Assad Vala,4.0,1,28,2.0,7.0,11,3,1,0,0,T20I # 2633
West Indies vs P.N.G.,Papua New Guinea,Charles Amini,2.0,0,14,,7.0,3,0,1,0,0,T20I # 2633
Scotland vs England,,Mark Wood,2.0,0,11,,5.5,7,1,0,1,1,T20I # 2637
Scotland vs England,,Jofra Archer,2.0,0,12,,6.0,6,1,0,0,0,T20I # 2637
Scotland vs England,,Moeen Ali,2.0,0,15,,7.5,3,2,0,0,0,T20I # 2637
Scotland vs England,,Chris Jordan,2.0,0,24,,12.0,5,2,2,0,0,T20I # 2637
Scotland vs England,,Adil Rashid,2.0,0,26,,13.0,2,2,2,0,0,T20I # 2637
U.S.A. vs Canada,United States of America,Ali Khan,4.0,0,41,1.0,10.25,11,5,2,2,0,T20I # 2632
U.S.A. vs Canada,United States of America,Saurabh Netravalkar,2.0,0,16,,8.0,3,2,0,0,0,T20I # 2632
U.S.A. vs Canada,United States of America,Harmeet Singh,4.0,0,27,1.0,6.75,11,3,1,0,0,T20I # 2632
U.S.A. vs Canada,United States of America,Jasdeep Singh,3.0,0,24,,8.0,7,4,0,0,0,T20I # 2632
U.S.A. vs Canada,United States of America,Shadley van Schalkwyk,3.0,0,34,,11.33,1,1,2,0,0,T20I # 2632
U.S.A. vs Canada,United States of America,Steven Taylor,1.0,0,15,,15.0,1,0,2,0,0,T20I # 2632
U.S.A. vs Canada,United States of America,Corey Anderson,3.0,0,29,1.0,9.66,4,2,1,0,0,T20I # 2632
U.S.A. vs Canada,Canada,Kaleem Sana,4.0,0,34,1.0,8.5,9,4,0,3,0,T20I # 2632
U.S.A. vs Canada,Canada,Jeremy Gordon,3.0,0,44,,14.66,7,4,3,3,2,T20I # 2632
U.S.A. vs Canada,Canada,Dilon Heyliger,3.0,0,19,1.0,6.33,9,0,1,2,0,T20I # 2632
U.S.A. vs Canada,Canada,Saad Bin Zafar,4.0,0,42,,10.5,9,2,4,0,0,T20I # 2632
U.S.A. vs Canada,Canada,Nikhil Dutta,2.4,0,41,1.0,15.37,5,2,4,2,1,T20I # 2632
U.S.A. vs Canada,Canada,Pargat Singh,1.0,0,15,,15.0,0,1,1,0,0,T20I # 2632
